spectral_m	spectral_d	genie_d	genie_m	agnes_d	agnes_m	single_d	single_m	complete_d	complete_m	average_d	average_m	mcquitty_d	mcquitty_m	wardD_d	wardD_m	wardD2_d	wardD2_m	centroid_d	centroid_m	median_d	median_m
0.284901475196351	0.677338267083161	0.980004059577927	0.960200080403878	0.960436324377729	0.921204677133922	0.694993439169809	0.000603194214965435	0.670660298135	0.257263792744253	0.960436324377729	0.921204677133922	0.682522435032759	0.00422397315966757	1	1	0.960436324377729	0.921204677133922	0.960436324377729	0.921204677133922	0.960436324377729	0.921204677133922
