spectral_m	spectral_d	genie_d	genie_m	agnes_d	agnes_m	single_d	single_m	complete_d	complete_m	average_d	average_m	mcquitty_d	mcquitty_m	wardD_d	wardD_m	wardD2_d	wardD2_m	centroid_d	centroid_m	median_d	median_m
0.443182506032984	0.735682152670543	0.906475361890197	0.812417278543569	0.650023910224952	0.0510138263427429	0.706675382060709	4.76953829320432e-07	0.654373719072402	0.040580394647764	0.650023910224952	0.0510138263427429	0.658931402634767	0.031860269191981	0.876947625639151	0.753648829625393	0.860239980797865	0.718453372593081	0.701933824478517	0.000207476290326673	0.654030498456152	0.0231286854183281
