spectral_m	spectral_d	genie_d	genie_m	agnes_d	agnes_m	single_d	single_m	complete_d	complete_m	average_d	average_m	mcquitty_d	mcquitty_m	wardD_d	wardD_m	wardD2_d	wardD2_m	centroid_d	centroid_m	median_d	median_m
0.580863004252696	0.80990000238731	0.987072668555264	0.974156073757569	0.990040539751491	0.980090041036535	0.703779910725678	7.20366637444212e-05	0.990040539751491	0.980090041036535	0.990040539751491	0.980090041036535	0.990040539751491	0.980090041036535	0.990040539751491	0.980090041036535	0.990040539751491	0.980090041036535	0.990040539751491	0.980090041036535	0.973347627117757	0.946702357284275
