spectral_m	spectral_d	genie_d	genie_m	agnes_d	agnes_m	single_d	single_m	complete_d	complete_m	average_d	average_m	mcquitty_d	mcquitty_m	wardD_d	wardD_m	wardD2_d	wardD2_m	centroid_d	centroid_m	median_d	median_m
0.462337950581104	0.58191384530796	0.523631442554887	0.340145739043006	0.795479442745686	0.742600227432063	0.446707484871345	-0.000126032393557203	0.72976240480163	0.653715362084362	0.795479442745686	0.742600227432063	0.701086001343149	0.614908373851101	0.758080558719341	0.693772258917531	0.71286872883128	0.636985969454972	0.49623643731643	0.269604177835202	0.662771015015507	0.565879545976443
