spectral_m	spectral_d	genie_d	genie_m	agnes_d	agnes_m	single_d	single_m	complete_d	complete_m	average_d	average_m	mcquitty_d	mcquitty_m	wardD_d	wardD_m	wardD2_d	wardD2_m	centroid_d	centroid_m	median_d	median_m
0.355924086220704	0.599490156047512	0.923434163272061	0.885792100198963	0.840728915757482	0.759198707107152	0.763517068100088	0.563751020523071	0.768637102851382	0.64225125183629	0.840728915757482	0.759198707107152	0.832050294337844	0.745503868180448	0.840728915757482	0.759198707107152	0.822169778544293	0.731198556770774	0.763517068100088	0.563751020523071	0.830639419543784	0.744526430873875
