spectral_m	spectral_d	genie_d	genie_m	agnes_d	agnes_m	single_d	single_m	complete_d	complete_m	average_d	average_m	mcquitty_d	mcquitty_m	wardD_d	wardD_m	wardD2_d	wardD2_m	centroid_d	centroid_m	median_d	median_m
0.255903743572376	0.698483666737936	1	1	0.921763082290201	0.779194020923121	0.803782541478255	0.256288512074381	0.921763082290201	0.779194020923121	0.921763082290201	0.779194020923121	0.790449630182808	0.514616982682244	0.790449630182808	0.514616982682244	0.790449630182808	0.514616982682244	0.918340258819746	0.768446889848748	0.840952250891343	0.476598526065278
