spectral_m	spectral_d	genie_d	genie_m	agnes_d	agnes_m	single_d	single_m	complete_d	complete_m	average_d	average_m	mcquitty_d	mcquitty_m	wardD_d	wardD_m	wardD2_d	wardD2_m	centroid_d	centroid_m	median_d	median_m
0.491201610464844	0.704207824099589	1	1	0.604377051598883	0.361088530751963	1	1	0.627204268665855	0.404612960951958	0.604377051598883	0.361088530751963	0.574204227054148	0.306506365287466	0.603468561789911	0.365942783786675	0.605185824933919	0.368821683534485	0.83302262100229	0.71078799809729	0.669457304713046	0.471261113503063
