spectral_m	spectral_d	genie_d	genie_m	agnes_d	agnes_m	single_d	single_m	complete_d	complete_m	average_d	average_m	mcquitty_d	mcquitty_m	wardD_d	wardD_m	wardD2_d	wardD2_m	centroid_d	centroid_m	median_d	median_m
0.27474715172866	0.700718548016071	1	1	0.646693452815137	0.113745642940336	1	1	0.660340181409957	0.209204953022225	0.646693452815137	0.113745642940336	0.6511095270734	0.159461516887696	0.649824282642467	0.150011837641566	0.646814344775978	0.11646250093161	0.660419979034961	0.0285974941746124	0.65542318376758	0.0396539293439076
