spectral_m	spectral_d	genie_d	genie_m	agnes_d	agnes_m	single_d	single_m	complete_d	complete_m	average_d	average_m	mcquitty_d	mcquitty_m	wardD_d	wardD_m	wardD2_d	wardD2_m	centroid_d	centroid_m	median_d	median_m
0.596372748315031	0.629889732005279	0.689895070064636	0.665104198267615	0.636391529157112	0.595741220700183	0.256763293706142	-1.34053616851751e-05	0.54836504988297	0.509250385401546	0.636391529157112	0.595741220700183	0.469779621468676	0.418929461229187	0.687930021992796	0.66490476410139	0.698934724542005	0.677113293406452	0.574457568312716	0.49391887766102	0.466850013629879	0.406798291850875
