spectral_m	spectral_d	genie_d	genie_m	agnes_d	agnes_m	single_d	single_m	complete_d	complete_m	average_d	average_m	mcquitty_d	mcquitty_m	wardD_d	wardD_m	wardD2_d	wardD2_m	centroid_d	centroid_m	median_d	median_m
0.522646601733385	0.559474347218957	0.620276705705524	0.590911069740441	0.546192126138897	0.492565817388555	0.257038388668165	4.64836386249092e-05	0.468044979388417	0.417118713915594	0.546192126138897	0.492565817388555	0.438297041281948	0.371297005957674	0.617734683009209	0.59004071416877	0.584666356924704	0.553228786368962	0.512156760231267	0.429642124766024	0.379666217189791	0.284321370238174
