spectral_m	spectral_d	genie_d	genie_m	agnes_d	agnes_m	single_d	single_m	complete_d	complete_m	average_d	average_m	mcquitty_d	mcquitty_m	wardD_d	wardD_m	wardD2_d	wardD2_m	centroid_d	centroid_m	median_d	median_m
0.506436506726841	0.634495040055196	0.729922646159503	0.623750737529922	1	1	0.999162482279799	0.998827631863184	0.774934260928907	0.612466342912506	1	1	0.775147915264123	0.612735494359253	0.999983476565497	0.999976887161302	0.999983476565497	0.999976887161302	0.999983476565497	0.999976887161302	0.775147915264123	0.612735494359253
