spectral_m	spectral_d	genie_d	genie_m	agnes_d	agnes_m	single_d	single_m	complete_d	complete_m	average_d	average_m	mcquitty_d	mcquitty_m	wardD_d	wardD_m	wardD2_d	wardD2_m	centroid_d	centroid_m	median_d	median_m
0.611150084870586	0.733388798616537	0.772664124422627	0.664112252140108	0.99833060567777	0.997617794691025	0.842076827699334	0.73869222959752	0.953529024522577	0.933199091926119	0.99833060567777	0.997617794691025	0.957457330803564	0.939522341918026	0.996677637175018	0.995251534149178	1	1	1	1	0.996677637175018	0.995251534149178
