spectral_m	spectral_d	genie_d	genie_m	agnes_d	agnes_m	single_d	single_m	complete_d	complete_m	average_d	average_m	mcquitty_d	mcquitty_m	wardD_d	wardD_m	wardD2_d	wardD2_m	centroid_d	centroid_m	median_d	median_m
0.449785616142839	0.532340883611036	0.924898867127888	0.92242699394991	0.935610666286434	0.9337253051435	0.480410402513948	0.347756577821598	0.911033777932305	0.908415480526077	0.935610666286434	0.9337253051435	0.861384109113768	0.856877771148774	0.934070691894809	0.932131873010406	0.924477663060466	0.922256653591378	0.830016883128698	0.814850049341863	0.651636909863814	0.624873988507861
