spectral_m	spectral_d	genie_d	genie_m	agnes_d	agnes_m	single_d	single_m	complete_d	complete_m	average_d	average_m	mcquitty_d	mcquitty_m	wardD_d	wardD_m	wardD2_d	wardD2_m	centroid_d	centroid_m	median_d	median_m
0.523298066178165	0.586715261318348	0.903197184637773	0.899570181045957	0.910376651900697	0.906891828846128	0.349152701715942	0.173902194467533	0.92622712015479	0.923790023974218	0.910376651900697	0.906891828846128	0.784421474323481	0.775373311035175	0.918616137581244	0.915923798792888	0.922692458897332	0.920135363947606	0.851216530284794	0.840146147889738	0.635306321380099	0.601606654171475
