spectral_m	spectral_d	genie_d	genie_m	agnes_d	agnes_m	single_d	single_m	complete_d	complete_m	average_d	average_m	mcquitty_d	mcquitty_m	wardD_d	wardD_m	wardD2_d	wardD2_m	centroid_d	centroid_m	median_d	median_m
0.267108321473564	0.681475928552848	0.90704698391206	0.813418507363336	0.799375037251753	0.598675008563865	0.706159272011596	6.50408440175961e-05	0.795920262760761	0.589417226013762	0.799375037251753	0.598675008563865	0.80268952779997	0.601783299497684	0.700887815414018	0.391283195381691	0.811151036967833	0.62056734115113	0.7580184246494	0.509315511139113	0.844685828736362	0.688589917433366
