spectral_m	spectral_d	genie_d	genie_m	agnes_d	agnes_m	single_d	single_m	complete_d	complete_m	average_d	average_m	mcquitty_d	mcquitty_m	wardD_d	wardD_m	wardD2_d	wardD2_m	centroid_d	centroid_m	median_d	median_m
0.461123401905352	0.660182713120365	0.751088497419812	0.613272308050801	0.652631304153718	0.443642303528723	0.573392270596551	0.000519521798686052	0.595415157925218	0.345520724742111	0.652631304153718	0.443642303528723	0.579524846086521	0.355175449510833	0.6482441679297	0.424384828542033	0.673779145035071	0.484740691972538	0.647547083450942	0.425268395370624	0.501657410766135	0.162262622430353
