spectral_m	spectral_d	genie_d	genie_m	agnes_d	agnes_m	single_d	single_m	complete_d	complete_m	average_d	average_m	mcquitty_d	mcquitty_m	wardD_d	wardD_m	wardD2_d	wardD2_m	centroid_d	centroid_m	median_d	median_m
0.637008033818689	0.686696626994449	0.920886855009393	0.915229034538748	0.918425752430635	0.912602074550962	0.257040354041417	-2.04511922463677e-05	0.806599007340051	0.790872518551814	0.918425752430635	0.912602074550962	0.70300165460718	0.67863653910799	0.906356401921417	0.899655350031695	0.912047412427039	0.905749613430515	0.805886214055429	0.77930808676527	0.53874204766097	0.481035979925642
