spectral_m	spectral_d	genie_d	genie_m	agnes_d	agnes_m	single_d	single_m	complete_d	complete_m	average_d	average_m	mcquitty_d	mcquitty_m	wardD_d	wardD_m	wardD2_d	wardD2_m	centroid_d	centroid_m	median_d	median_m
0.416893183547535	0.734532477741412	0.987547970762765	0.975125122351754	0.997496875014685	0.99499999220708	0.705780264833032	0	0.992509610085949	0.985037524550926	0.997496875014685	0.99499999220708	0.997496875014685	0.99499999220708	1	1	1	1	0.997496875014685	0.99499999220708	0.827015956661999	0.647600720529576
