spectral_m	spectral_d	genie_d	genie_m	agnes_d	agnes_m	single_d	single_m	complete_d	complete_m	average_d	average_m	mcquitty_d	mcquitty_m	wardD_d	wardD_m	wardD2_d	wardD2_m	centroid_d	centroid_m	median_d	median_m
0.454874628008602	0.656451107646726	0.795185514456828	0.688287234237034	0.586763819969327	0.250165848931435	0.570897891113201	-0.0069225779607647	0.550659146316221	0.209054806135108	0.586763819969327	0.250165848931435	0.509764984584528	-0.00751194184700119	0.782838746540937	0.668918384499652	0.542565988214338	0.190596523059689	0.596878437830276	0.271307635344954	0.556596261514952	-0.00670150756012656
