spectral_d	spectral_m	genie_d	genie_m	agnes_d	agnes_m	single_d	single_m	complete_d	complete_m	average_d	average_m	mcquitty_d	mcquitty_m	wardD_d	wardD_m	wardD2_d	wardD2_m	centroid_d	centroid_m	median_d	median_m
0.799577576493756	0.785170397461585	0.855922466005394	0.846285625857096	0.89840691648481	0.891931416995914	0.403964259676507	0.216932401667795	0.66632223029302	0.6413114771693	0.89840691648481	0.891931416995914	0.629171292507973	0.601929910929077	0.945653464376438	0.942807612369142	0.895664833924344	0.890166440736751	0.785298709874586	0.756552186428288	0.611180594147961	0.56919240607591
