spectral_d	spectral_m	genie_d	genie_m	agnes_d	agnes_m	single_d	single_m	complete_d	complete_m	average_d	average_m	mcquitty_d	mcquitty_m	wardD_d	wardD_m	wardD2_d	wardD2_m	centroid_d	centroid_m	median_d	median_m
0.762837976587981	0.743120707078293	0.924573868953075	0.922131001288814	0.944666170656907	0.943046017281403	0.405423931909733	0.248278060768599	0.912978752295773	0.910430458603716	0.944666170656907	0.943046017281403	0.806932300188618	0.800163127272414	0.93576599440245	0.93388320482639	0.93498199607651	0.933077940868084	0.878017993025784	0.871516863397816	0.64402758450447	0.61850174928248
