spectral_d	spectral_m	genie_d	genie_m	agnes_d	agnes_m	single_d	single_m	complete_d	complete_m	average_d	average_m	mcquitty_d	mcquitty_m	wardD_d	wardD_m	wardD2_d	wardD2_m	centroid_d	centroid_m	median_d	median_m
0.809511589617007	0.757544176130245	0.710955535130288	0.621859825863261	0.993203718025804	0.991326806021418	0.862523641278257	0.805772625940385	0.805510174406607	0.752787396587867	0.993203718025804	0.991326806021418	0.811098131038006	0.759395778107169	0.842753123336873	0.795939358234209	0.845161730752944	0.801887303938165	1	1	0.808706192735293	0.750958673961416
