spectral_d	spectral_m	genie_d	genie_m	agnes_d	agnes_m	single_d	single_m	complete_d	complete_m	average_d	average_m	mcquitty_d	mcquitty_m	wardD_d	wardD_m	wardD2_d	wardD2_m	centroid_d	centroid_m	median_d	median_m
1	1	1	1	0.655906248333533	0.18780344292609	1	1	0.504175929954289	-0.000981206065842759	0.655906248333533	0.18780344292609	0.650880700265621	0.15786652158428	0.508939093992518	-0.000961885295178536	0.499575972200518	-0.000999693082872902	0.646635407295916	0.0895351981492053	0.646461566280919	0.0956257240408658
