spectral_d	spectral_m	genie_d	genie_m	agnes_d	agnes_m	single_d	single_m	complete_d	complete_m	average_d	average_m	mcquitty_d	mcquitty_m	wardD_d	wardD_m	wardD2_d	wardD2_m	centroid_d	centroid_m	median_d	median_m
0.451775294608788	0.170384727867128	0.62364164762008	0.463351540403616	0.490459269030767	0.00133870543728866	0.498378563801298	4.0193982920515e-06	0.443531808022824	0.0867285605065267	0.490459269030767	0.00133870543728866	0.475379457627155	0.0449260716347448	0.455435367449243	0.153652130670546	0.44042884879127	0.0724606520881393	0.494816262244691	0.000234252685068158	0.485155716366224	0.00500841026977185
