spectral_d	spectral_m	genie_d	genie_m	agnes_d	agnes_m	single_d	single_m	complete_d	complete_m	average_d	average_m	mcquitty_d	mcquitty_m	wardD_d	wardD_m	wardD2_d	wardD2_m	centroid_d	centroid_m	median_d	median_m
0.980004059577927	0.960200080403878	0.980004059577927	0.960200080403878	0.960436324377729	0.921204677133922	0.694993439169809	0.000603194214965435	0.748454112948881	0.473709477369822	0.960436324377729	0.921204677133922	0.760381423456011	0.501807060738343	1	1	0.960436324377729	0.921204677133922	0.701792392958253	0	0.702901946394417	0.357287040775131
