spectral_d	spectral_m	genie_d	genie_m	agnes_d	agnes_m	single_d	single_m	complete_d	complete_m	average_d	average_m	mcquitty_d	mcquitty_m	wardD_d	wardD_m	wardD2_d	wardD2_m	centroid_d	centroid_m	median_d	median_m
0.901194418039268	0.801886129287426	0.906482736572823	0.812417285578669	0.67401829586184	0.0104651319428859	0.706675382060709	4.76953829320432e-07	0.628867724738828	0.105295620170041	0.67401829586184	0.0104651319428859	0.581693350149412	0.0481067928601458	0.912002725046395	0.823903305338959	0.904402351599494	0.808021078163264	0.701933824478517	0.000207476290326673	0.698165190836011	0.000657250263165721
