spectral_d	spectral_m	genie_d	genie_m	agnes_d	agnes_m	single_d	single_m	complete_d	complete_m	average_d	average_m	mcquitty_d	mcquitty_m	wardD_d	wardD_m	wardD2_d	wardD2_m	centroid_d	centroid_m	median_d	median_m
0.962272864888776	0.917489940721448	1	1	0.691254046056266	0.356971444994164	0.730023527047636	0.0127504301311393	0.662463872625783	0.288937646689094	0.691254046056266	0.356971444994164	0.8213414331001	0.624535537636467	0.6211759431232	0.179596688590555	0.662463872625783	0.288937646689094	0.730023527047636	0.0127504301311393	0.730023527047636	0.0127504301311393
