spectral_d	spectral_m	genie_d	genie_m	agnes_d	agnes_m	single_d	single_m	complete_d	complete_m	average_d	average_m	mcquitty_d	mcquitty_m	wardD_d	wardD_m	wardD2_d	wardD2_m	centroid_d	centroid_m	median_d	median_m
1	1	0.646772117532023	0.107339102792094	0.879379783952344	0.756780385591333	0.702746002969294	0.000132067609106911	0.522136817238687	-0.000454225236396621	0.879379783952344	0.756780385591333	0.683203270783411	0.293484703440774	0.958877520558432	0.917722913481872	0.984114155612594	0.968240116181447	0.660299362778793	0.0294313425137508	0.652124450894431	0.164565533210973
