spectral_d	spectral_m	genie_d	genie_m	agnes_d	agnes_m	single_d	single_m	complete_d	complete_m	average_d	average_m	mcquitty_d	mcquitty_m	wardD_d	wardD_m	wardD2_d	wardD2_m	centroid_d	centroid_m	median_d	median_m
0.615616103088489	0.293254349717954	0.767250075512329	0.635696821515892	0.759978911734506	0.562136425142658	0.764206332007315	0.558371443754135	0.728224031552634	0.572630579371164	0.759978911734506	0.562136425142658	0.596635623391551	0.348184774781932	0.762339311024549	0.630429911832108	0.749782112978849	0.615322993214545	0.764206332007315	0.558371443754135	0.728224031552634	0.572630579371164
