spectral_d	spectral_m	genie_d	genie_m	agnes_d	agnes_m	single_d	single_m	complete_d	complete_m	average_d	average_m	mcquitty_d	mcquitty_m	wardD_d	wardD_m	wardD2_d	wardD2_m	centroid_d	centroid_m	median_d	median_m
1	1	1	1	0.790449630182808	0.514616982682244	0.78399320127491	0.00986341671438256	0.790449630182808	0.514616982682244	0.790449630182808	0.514616982682244	1	1	0.790449630182808	0.514616982682244	0.815963480833444	0.569155929296325	0.700421308767935	0.324294809434371	0.790449630182808	0.514616982682244
