spectral_d	spectral_m	genie_d	genie_m	agnes_d	agnes_m	single_d	single_m	complete_d	complete_m	average_d	average_m	mcquitty_d	mcquitty_m	wardD_d	wardD_m	wardD2_d	wardD2_m	centroid_d	centroid_m	median_d	median_m
0.893635609801554	0.882186755018576	0.988793343809604	0.987993465874293	0.982885756863088	0.981664042560286	0.589337971282275	0.463522341495289	0.911641520707262	0.904085866195489	0.982885756863088	0.981664042560286	0.870012797337245	0.859492189275369	0.983291100906331	0.982097236636319	0.984446753533986	0.983335663870517	0.980863367940322	0.979496694861623	0.767717230266623	0.743075068034045
