spectral_d	spectral_m	genie_d	genie_m	agnes_d	agnes_m	single_d	single_m	complete_d	complete_m	average_d	average_m	mcquitty_d	mcquitty_m	wardD_d	wardD_m	wardD2_d	wardD2_m	centroid_d	centroid_m	median_d	median_m
0.895701577320366	0.887565224055539	0.921918316573762	0.916333651498103	0.918530884459418	0.91270087928162	0.257112930390227	-8.81201585214888e-06	0.708624382094918	0.683244528478388	0.918530884459418	0.91270087928162	0.791378088014234	0.773808960572138	0.916586259361066	0.910611215624482	0.921981360189707	0.916393368640951	0.821945160171933	0.801740613166549	0.504540126418717	0.439770760607409
