spectral_d	spectral_m	genie_d	genie_m	agnes_d	agnes_m	single_d	single_m	complete_d	complete_m	average_d	average_m	mcquitty_d	mcquitty_m	wardD_d	wardD_m	wardD2_d	wardD2_m	centroid_d	centroid_m	median_d	median_m
0.720831615182138	0.70058570177547	0.689598073992071	0.664790180210615	0.644282739900403	0.604006645428226	0.256763293706142	-1.34053616851751e-05	0.548872532463599	0.508936436573519	0.644282739900403	0.604006645428226	0.508109361910109	0.465597916497829	0.701981435786301	0.680182979393438	0.706387916622381	0.685128689075541	0.565894295688501	0.477141704062016	0.503422375160319	0.441660551212839
