spectral_d	spectral_m	genie_d	genie_m	agnes_d	agnes_m	single_d	single_m	complete_d	complete_m	average_d	average_m	mcquitty_d	mcquitty_m	wardD_d	wardD_m	wardD2_d	wardD2_m	centroid_d	centroid_m	median_d	median_m
0.599156186944448	0.56789626237646	0.61947942118858	0.590100092507646	0.55242326937353	0.500161290744889	0.257038388668165	4.64836386249092e-05	0.540854231068686	0.49966989264864	0.55242326937353	0.500161290744889	0.453905303139339	0.403730463904751	0.604436886603905	0.575545307146821	0.621848806493319	0.594502322661452	0.510518565816054	0.419612830130366	0.388371785189986	0.289481761554442
