spectral_d	spectral_m	genie_d	genie_m	agnes_d	agnes_m	single_d	single_m	complete_d	complete_m	average_d	average_m	mcquitty_d	mcquitty_m	wardD_d	wardD_m	wardD2_d	wardD2_m	centroid_d	centroid_m	median_d	median_m
0.389319917879674	0.170313507890012	1	1	0.622489153395378	0.470968670261802	1	1	0.617710257714514	0.474304561353026	0.622489153395378	0.470968670261802	0.61600743910599	0.470305304405722	0.588860994402619	0.445906099808226	0.596156613034063	0.454908824467808	0.713985361727085	0.605639835868368	0.689465466518254	0.5735231768008
