spectral_d	spectral_m	genie_d	genie_m	agnes_d	agnes_m	single_d	single_m	complete_d	complete_m	average_d	average_m	mcquitty_d	mcquitty_m	wardD_d	wardD_m	wardD2_d	wardD2_m	centroid_d	centroid_m	median_d	median_m
1	1	1	1	0.530531633805413	-0.00087203104686996	1	1	0.510154362690152	-0.000956926845571053	0.530531633805413	-0.00087203104686996	0.837048066926934	0.66880345346133	0.499062248625412	-0.00100174723802875	0.923296765506953	0.84624707817505	0.657297338381433	0.0350149429934139	0.785155376173258	0.5561003232781
