spectral_d	spectral_m	genie_d	genie_m	agnes_d	agnes_m	single_d	single_m	complete_d	complete_m	average_d	average_m	mcquitty_d	mcquitty_m	wardD_d	wardD_m	wardD2_d	wardD2_m	centroid_d	centroid_m	median_d	median_m
0.829374339891449	0.652529003177181	1	1	0.656973343887516	0.0357680687075361	1	1	0.568255601813754	0.0844559897955827	0.656973343887516	0.0357680687075361	0.67713888909472	0.274013942902678	0.650440621269171	0.154700589553402	0.66614293412338	0.233693164121136	0.649290641252651	0.0630908821633927	0.660054792708203	0.0292784841079672
