spectral_d	spectral_m	genie_d	genie_m	agnes_d	agnes_m	single_d	single_m	complete_d	complete_m	average_d	average_m	mcquitty_d	mcquitty_m	wardD_d	wardD_m	wardD2_d	wardD2_m	centroid_d	centroid_m	median_d	median_m
0.617306298524429	0.388291325710116	0.649353848942389	0.429111481622092	0.6576649848155	0.145592188215709	1	1	0.678606896616897	0.39131970637749	0.6576649848155	0.145592188215709	0.657766948674392	0.155193502339829	0.794939345231142	0.638944916832706	0.794834176229066	0.638779120247275	0.66489942039899	0.0954488468486775	0.660778069187875	0.111008745066076
