spectral_d	spectral_m	genie_d	genie_m	agnes_d	agnes_m	single_d	single_m	complete_d	complete_m	average_d	average_m	mcquitty_d	mcquitty_m	wardD_d	wardD_m	wardD2_d	wardD2_m	centroid_d	centroid_m	median_d	median_m
1	1	1	1	0.994974874689086	0.993316527220373	0.494357329030068	-2.50632847941079e-05	0.99000101504848	0.986700900040098	0.994974874689086	0.993316527220373	0.99000101504848	0.986700900040098	1	1	0.97539451589619	0.967267633008765	0.97539451589619	0.967267633008765	0.785934105174138	0.671340691289061
