spectral_d	spectral_m	genie_d	genie_m	agnes_d	agnes_m	single_d	single_m	complete_d	complete_m	average_d	average_m	mcquitty_d	mcquitty_m	wardD_d	wardD_m	wardD2_d	wardD2_m	centroid_d	centroid_m	median_d	median_m
1	1	0.990025563872058	0.980075065153501	0.985076877293146	0.970187696375649	0.705780264833032	0	0.579090113899052	0.00517640806460886	0.985076877293146	0.970187696375649	0.594825573220841	0.0846885441908561	0.992509610085949	0.985037524550926	1	1	0.687777120216245	0.00316690077975475	0.662616316284337	0.000921024907578402
