spectral_d	spectral_m	genie_d	genie_m	agnes_d	agnes_m	single_d	single_m	complete_d	complete_m	average_d	average_m	mcquitty_d	mcquitty_m	wardD_d	wardD_m	wardD2_d	wardD2_m	centroid_d	centroid_m	median_d	median_m
0.975366834170854	0.950856834170854	1	1	0.666833688976522	0.0176050940414845	0.70098398214716	0.000150387162350268	0.679320844330056	0.00681982480446765	0.666833688976522	0.0176050940414845	0.679320844330056	0.00681982480446765	0.649497487437186	0.300747487437186	0.649497487437186	0.300747487437186	0.666833688976522	0.0176050940414845	0.683565145310654	0.00456294850712593
