spectral_d	spectral_m	genie_d	genie_m	agnes_d	agnes_m	single_d	single_m	complete_d	complete_m	average_d	average_m	mcquitty_d	mcquitty_m	wardD_d	wardD_m	wardD2_d	wardD2_m	centroid_d	centroid_m	median_d	median_m
0.792558081180612	0.708657509199258	0.724527254433862	0.616390535857784	0.774722461864095	0.611876833805529	0.774752643196878	0.611917772038323	0.774073847113474	0.610925480455154	0.774722461864095	0.611876833805529	0.774266751915057	0.611334111870176	0.817611842849036	0.743035720974668	0.999983476565497	0.999976887161302	0.774249292051809	0.611013025187178	0.773901743227516	0.610625249025141
