spectral_d	spectral_m	genie_d	genie_m	agnes_d	agnes_m	single_d	single_m	complete_d	complete_m	average_d	average_m	mcquitty_d	mcquitty_m	wardD_d	wardD_m	wardD2_d	wardD2_m	centroid_d	centroid_m	median_d	median_m
1	1	1	1	1	1	1	1	0.753213739853442	0.482398363435641	1	1	0.745049620276755	0.490601111379738	1	1	1	1	0.691054544378478	0.318636267704922	0.818441875287802	0.63524269106005
