spectral_d	spectral_m	genie_d	genie_m	agnes_d	agnes_m	single_d	single_m	complete_d	complete_m	average_d	average_m	mcquitty_d	mcquitty_m	wardD_d	wardD_m	wardD2_d	wardD2_m	centroid_d	centroid_m	median_d	median_m
0.795185514456828	0.688287234237034	0.795185514456828	0.688287234237034	0.542565988214338	0.190596523059689	0.570897891113201	-0.0069225779607647	0.550659146316221	0.209054806135108	0.542565988214338	0.190596523059689	0.528360830437221	0.156289450518956	0.782838746540937	0.668918384499652	0.542565988214338	0.190596523059689	0.596878437830276	0.271307635344954	0.518167495352186	0.00477460768328746
