spectral_d	spectral_m	genie_d	genie_m	agnes_d	agnes_m	single_d	single_m	complete_d	complete_m	average_d	average_m	mcquitty_d	mcquitty_m	wardD_d	wardD_m	wardD2_d	wardD2_m	centroid_d	centroid_m	median_d	median_m
0.829480187724144	0.764992270223987	0.671337184820516	0.496713148093008	0.678501880817369	0.504547240137092	0.511567714346759	0.00650154355989074	0.83522438238306	0.774296395773072	0.678501880817369	0.504547240137092	0.784213089773863	0.701062473496795	0.868546929866253	0.821399484686767	0.903373627287397	0.868901938912765	0.723834999537096	0.561639287022425	0.763794451974173	0.62063852208328
