spectral_d	spectral_m	genie_d	genie_m	agnes_d	agnes_m	single_d	single_m	complete_d	complete_m	average_d	average_m	mcquitty_d	mcquitty_m	wardD_d	wardD_m	wardD2_d	wardD2_m	centroid_d	centroid_m	median_d	median_m
0.573875032296412	0.301394368221821	0.415469309801794	0.0964279239118448	0.433851522797405	0.0780522777768576	0.568289729252842	-5.42578877404827e-05	0.502399838267652	0.248561190555795	0.417717007065883	0.0797819608292362	0.504338108952713	0.246937037321247	0.417010829698994	0.0791115299809253	0.417717007065883	0.0797819608292362	0.393971569540884	0.0437316948334669	0.428177763970338	0.113719112623532
