spectral_d	spectral_m	genie_d	genie_m	agnes_d	agnes_m	single_d	single_m	complete_d	complete_m	average_d	average_m	mcquitty_d	mcquitty_m	wardD_d	wardD_m	wardD2_d	wardD2_m	centroid_d	centroid_m	median_d	median_m
0.998333286898795	0.997619619275365	0.764457365510383	0.669184471399952	0.971522812236976	0.958843832614965	0.842076827699334	0.73869222959752	0.986757633225659	0.981100158401621	0.971522812236976	0.958843832614965	0.958890118649584	0.940376349498702	0.996677637175018	0.995251534149178	0.996677637175018	0.995251534149178	0.996677637175018	0.995251534149178	0.988402052106446	0.983463212146647
