spectral_d	spectral_m	genie_d	genie_m	agnes_d	agnes_m	single_d	single_m	complete_d	complete_m	average_d	average_m	mcquitty_d	mcquitty_m	wardD_d	wardD_m	wardD2_d	wardD2_m	centroid_d	centroid_m	median_d	median_m
0.652289104402119	0.415927567905882	1	1	0.546699574069063	0.207172414447022	1	1	0.523780021336341	0.195830127994469	0.546699574069063	0.207172414447022	0.493058011678547	0.137305845971204	0.520907144648752	0.213517706768622	0.511257493023151	0.175076064200234	0.510436119963451	0.181923443108954	0.476161236344226	-0.105988399470857
