spectral_d	spectral_m	genie_d	genie_m	agnes_d	agnes_m	single_d	single_m	complete_d	complete_m	average_d	average_m	mcquitty_d	mcquitty_m	wardD_d	wardD_m	wardD2_d	wardD2_m	centroid_d	centroid_m	median_d	median_m
0.686395584650279	0.650094764189689	0.940004324433271	0.938654515822145	0.944904105882445	0.943785220948258	0.448862452570547	0.315389079638147	0.916644931905245	0.914938857771586	0.944904105882445	0.943785220948258	0.846571159820541	0.842652709274533	0.948414844526591	0.947363821495965	0.940099545609396	0.938880039669881	0.853389283509695	0.843265365529763	0.659446215716053	0.637036100679285
