spectral_d	spectral_m	genie_d	genie_m	agnes_d	agnes_m	single_d	single_m	complete_d	complete_m	average_d	average_m	mcquitty_d	mcquitty_m	wardD_d	wardD_m	wardD2_d	wardD2_m	centroid_d	centroid_m	median_d	median_m
1	1	1	1	0.651352397430719	0.0524171952943734	1	1	0.688169577345675	0.310111877388732	0.651352397430719	0.0524171952943734	0.671454674549257	0.254320407446323	1	1	0.648507612183965	0.0670717687962495	0.702300468841295	0.000125160337236546	0.692407626443509	0.00170230490754549
