spectral_d	spectral_m	genie_d	genie_m	agnes_d	agnes_m	single_d	single_m	complete_d	complete_m	average_d	average_m	mcquitty_d	mcquitty_m	wardD_d	wardD_m	wardD2_d	wardD2_m	centroid_d	centroid_m	median_d	median_m
0.722958576050007	0.636959888504146	0.630697131563223	0.517314489297038	0.861022473606862	0.802964997304883	0.834982311039156	0.756498750168873	0.787561218310656	0.712818782536936	0.861022473606862	0.802964997304883	0.801597994743603	0.726669072071511	0.612253034565984	0.499101971915209	0.613399940562731	0.50106206196178	0.855937013089706	0.792512285648967	0.816364384795522	0.739600721271636
