spectral_d	spectral_m	genie_d	genie_m	agnes_d	agnes_m	single_d	single_m	complete_d	complete_m	average_d	average_m	mcquitty_d	mcquitty_m	wardD_d	wardD_m	wardD2_d	wardD2_m	centroid_d	centroid_m	median_d	median_m
0.777329534503232	0.75943768893034	0.903803729502311	0.900202004215437	0.928406902243517	0.926041867517886	0.333153914251105	0.154488708748129	0.87685083085864	0.872687352257964	0.928406902243517	0.926041867517886	0.767602052449373	0.756988284998034	0.930565216054968	0.928269037315467	0.919369318758593	0.91669626483678	0.850540522612696	0.839421873369773	0.588392214631191	0.531957834365805
