spectral_d	spectral_m	genie_d	genie_m	agnes_d	agnes_m	single_d	single_m	complete_d	complete_m	average_d	average_m	mcquitty_d	mcquitty_m	wardD_d	wardD_m	wardD2_d	wardD2_m	centroid_d	centroid_m	median_d	median_m
0.671744570598563	0.577796600453416	0.523631442554887	0.340145739043006	0.795479442745686	0.742600227432063	0.446707484871345	-0.000126032393557203	0.689604424060815	0.598558358474228	0.795479442745686	0.742600227432063	0.618661745141795	0.49856968895839	0.762083696015979	0.698949902003292	0.734333219609259	0.664423848464381	0.49623643731643	0.269604177835202	0.648436174573475	0.509889311132386
