spectral_d	spectral_m	genie_d	genie_m	agnes_d	agnes_m	single_d	single_m	complete_d	complete_m	average_d	average_m	mcquitty_d	mcquitty_m	wardD_d	wardD_m	wardD2_d	wardD2_m	centroid_d	centroid_m	median_d	median_m
0.597122868640396	0.336872787840933	0.575511958361266	0.29547021539944	0.715713636725201	0.459066305818674	0.702957394538103	0.150495816663314	0.599471664480703	0.270916917673744	0.715713636725201	0.459066305818674	0.682564086541846	0.392725692977904	0.59393842245	0.324448208858552	0.666102296329571	0.321907600596125	0.684260165545457	0.147434378537767	0.678362287949425	0.147145379635079
