spectral_d	spectral_m	genie_d	genie_m	agnes_d	agnes_m	single_d	single_m	complete_d	complete_m	average_d	average_m	mcquitty_d	mcquitty_m	wardD_d	wardD_m	wardD2_d	wardD2_m	centroid_d	centroid_m	median_d	median_m
1	1	1	1	0.622779783658165	0.397546687875683	1	1	0.603667846860927	0.367460208958463	0.622779783658165	0.397546687875683	0.636219774734801	0.421276903717937	0.61289170348234	0.378478375480359	0.617176284095005	0.385294390318552	0.594748579602615	0.339558281219376	0.651937558728805	0.427974185500084
