spectral_d	spectral_m	genie_d	genie_m	agnes_d	agnes_m	single_d	single_m	complete_d	complete_m	average_d	average_m	mcquitty_d	mcquitty_m	wardD_d	wardD_m	wardD2_d	wardD2_m	centroid_d	centroid_m	median_d	median_m
0.818090935974183	0.636440257223999	0.90704698391206	0.813418507363336	0.797809501511285	0.595579861775403	0.706159272011596	6.50408440175961e-05	0.78291067924583	0.565070425671449	0.797809501511285	0.595579861775403	0.768949637288319	0.538293962488056	0.777067715884555	0.553090888187534	0.771310773619564	0.541239543694951	0.786445303723961	0.571109984706972	0.663318706209588	0.0326570315600027
