spectral_d	spectral_m	genie_d	genie_m	agnes_d	agnes_m	single_d	single_m	complete_d	complete_m	average_d	average_m	mcquitty_d	mcquitty_m	wardD_d	wardD_m	wardD2_d	wardD2_m	centroid_d	centroid_m	median_d	median_m
0.680009261950221	0.49921621122584	0.684351286747978	0.5067310737252	0.66637378307213	0.471744046100761	0.571689208853783	0.000894491746658927	0.596764375282433	0.39174820738976	0.66637378307213	0.471744046100761	0.659785183998768	0.457239658357346	0.659785183998768	0.457239658357346	0.659785183998768	0.457239658357346	0.529028393956518	0.087981084343253	0.659785183998768	0.457239658357346
