spectral_d	spectral_m	genie_d	genie_m	agnes_d	agnes_m	single_d	single_m	complete_d	complete_m	average_d	average_m	mcquitty_d	mcquitty_m	wardD_d	wardD_m	wardD2_d	wardD2_m	centroid_d	centroid_m	median_d	median_m
0.847723852501606	0.829715062736246	0.986584668833494	0.985650095985955	0.989959432972079	0.989259995246671	0.637457092679404	0.542457378402647	0.979923199186615	0.978524258898896	0.989959432972079	0.989259995246671	0.976682838182811	0.975057533608047	0.983168205059982	0.981995500820557	0.983168205059982	0.981995500820557	0.983297095185873	0.982133301049403	0.800314948318814	0.772031365115187
