spectral_d	spectral_m	genie_d	genie_m	agnes_d	agnes_m	single_d	single_m	complete_d	complete_m	average_d	average_m	mcquitty_d	mcquitty_m	wardD_d	wardD_m	wardD2_d	wardD2_m	centroid_d	centroid_m	median_d	median_m
0.538070220778913	0.215561842065947	1	1	0.358405689855359	0.0202691001841385	1	1	0.363488401475947	0.00292430901876131	0.358405689855359	0.0202691001841385	0.337419897559635	0.00792557000292153	0.336477419205229	-0.000199548610599848	0.348315086256383	-0.00426351670528938	0.504627087099185	0.011881496018127	0.330011624577624	-0.00508147572432598
