spectral_d	spectral_m	genie_d	genie_m	agnes_d	agnes_m	single_d	single_m	complete_d	complete_m	average_d	average_m	mcquitty_d	mcquitty_m	wardD_d	wardD_m	wardD2_d	wardD2_m	centroid_d	centroid_m	median_d	median_m
0.772014896080374	0.647915582250456	0.666679389490411	0.499331882053776	0.595731839354495	0.403175220220456	0.857471732180423	0.734711407599505	0.535144969443206	0.302569083335507	0.595731839354495	0.403175220220456	0.603129240234604	0.401372671227473	0.687878460963549	0.534943822259879	0.541155074424487	0.341718947919798	0.751880977553976	0.475766589125738	0.52163835077648	0.282376443748891
