spectral_d	spectral_m	genie_d	genie_m	agnes_d	agnes_m	single_d	single_m	complete_d	complete_m	average_d	average_m	mcquitty_d	mcquitty_m	wardD_d	wardD_m	wardD2_d	wardD2_m	centroid_d	centroid_m	median_d	median_m
0.829872584399821	0.815622800640667	0.904641769052557	0.89883586421565	0.928824848410088	0.925094310320662	0.563990585795643	0.443571022838663	0.920414969018866	0.916228429500943	0.928824848410088	0.925094310320662	0.815021396072298	0.804022108002675	0.924061964491702	0.920056571616274	0.918442974406494	0.914155302040047	0.876687764871385	0.865927332072551	0.694299482791307	0.667845901788496
