spectral_d	spectral_m	genie_d	genie_m	agnes_d	agnes_m	single_d	single_m	complete_d	complete_m	average_d	average_m	mcquitty_d	mcquitty_m	wardD_d	wardD_m	wardD2_d	wardD2_m	centroid_d	centroid_m	median_d	median_m
1	1	1	1	0.676528827347987	0.271921713666508	1	1	0.689217432357566	0.313045485364763	0.676528827347987	0.271921713666508	0.720648984431863	0.401437099290508	0.71776745399524	0.393861218345852	0.679007421980523	0.280338750671319	0.65914929748095	0.203746306782653	0.681588485034806	0.288884107635801
