spectral_d	spectral_m	genie_d	genie_m	agnes_d	agnes_m	single_d	single_m	complete_d	complete_m	average_d	average_m	mcquitty_d	mcquitty_m	wardD_d	wardD_m	wardD2_d	wardD2_m	centroid_d	centroid_m	median_d	median_m
0.969605564360485	0.933736109524915	1	1	0.731069999812516	0.442150650455405	0.730023527047636	0.0127504301311393	0.623036389947208	-0.0422301552686084	0.731069999812516	0.442150650455405	0.715087059085863	0.409345691109965	0.696374787761295	0.367002969639417	0.623731389257867	0.187244070906317	0.730023527047636	0.0127504301311393	0.723796970940261	0.418975946289294
