spectral_d	spectral_m	genie_d	genie_m	agnes_d	agnes_m	single_d	single_m	complete_d	complete_m	average_d	average_m	mcquitty_d	mcquitty_m	wardD_d	wardD_m	wardD2_d	wardD2_m	centroid_d	centroid_m	median_d	median_m
0.692944865159385	0.253498938115138	1	1	0.603488734440495	-0.066108799452802	1	1	0.605542492476445	-0.0709960601813904	0.603488734440495	-0.066108799452802	0.597179550619629	-0.0167037861915367	0.602564102564103	-0.0635571501793952	0.642554082293398	-0.10430674209853	0.603488734440495	-0.066108799452802	0.609127041887237	-0.077783803009895
