spectral_d	spectral_m	genie_d	genie_m	agnes_d	agnes_m	single_d	single_m	complete_d	complete_m	average_d	average_m	mcquitty_d	mcquitty_m	wardD_d	wardD_m	wardD2_d	wardD2_m	centroid_d	centroid_m	median_d	median_m
0.386568490598558	0.165409060231908	1	1	0.690313193303266	0.574631216936805	1	1	0.647170494868662	0.499293559824069	0.690313193303266	0.574631216936805	0.624335784883202	0.484454714102284	0.583415091146578	0.43921376369561	0.593916758306958	0.452140369698835	0.71331097919771	0.604757770398608	0.625721839903615	0.480915766526699
