spectral_d	spectral_m	genie_d	genie_m	agnes_d	agnes_m	single_d	single_m	complete_d	complete_m	average_d	average_m	mcquitty_d	mcquitty_m	wardD_d	wardD_m	wardD2_d	wardD2_m	centroid_d	centroid_m	median_d	median_m
0.550890148205514	0.23860262913051	1	1	0.357273005024422	-0.00225812816618304	1	1	0.338499071283009	0.00184103769941931	0.357273005024422	-0.00225812816618304	0.345692419434698	0.00171002244128603	0.337411327403395	0.00817237930671504	0.337383327657258	-0.000880516199425796	0.385862275788058	0.00895854474288207	0.331754229368921	-0.00263680056753377
