spectral_d	spectral_m	genie_d	genie_m	agnes_d	agnes_m	single_d	single_m	complete_d	complete_m	average_d	average_m	mcquitty_d	mcquitty_m	wardD_d	wardD_m	wardD2_d	wardD2_m	centroid_d	centroid_m	median_d	median_m
0.617516699378605	0.38855288487932	0.649353848942389	0.429111481622092	0.6576649848155	0.145592188215709	1	1	0.662843178900121	0.206684299672276	0.6576649848155	0.145592188215709	0.684072231228392	0.2994010586115	0.794939345231142	0.638944916832706	0.794834176229066	0.638779120247275	0.667163037895181	0.0896137405917904	0.67240857821223	0.254884980283969
