spectral_d	spectral_m	genie_d	genie_m	agnes_d	agnes_m	single_d	single_m	complete_d	complete_m	average_d	average_m	mcquitty_d	mcquitty_m	wardD_d	wardD_m	wardD2_d	wardD2_m	centroid_d	centroid_m	median_d	median_m
0.750804020100503	0.502854020100503	0.750804020100503	0.502854020100503	0.689567502245193	0.00225619042247157	0.70098398214716	0.000150387162350268	0.609455946472134	0.218952078228183	0.689567502245193	0.00225619042247157	0.602089556641828	0.191647189790072	0.606979010184836	0.214264057121504	0.602089556641828	0.191647189790072	0.689567502245193	0.00225619042247157	0.638643216080402	0.279093216080402
