spectral_d	spectral_m	genie_d	genie_m	agnes_d	agnes_m	single_d	single_m	complete_d	complete_m	average_d	average_m	mcquitty_d	mcquitty_m	wardD_d	wardD_m	wardD2_d	wardD2_m	centroid_d	centroid_m	median_d	median_m
0.806067157846283	0.701075965827532	0.763692815579215	0.632896042725747	0.675862155741681	0.511529995333818	0.857471732180423	0.734711407599505	0.623078840328761	0.441388297493468	0.675862155741681	0.511529995333818	0.594232209957547	0.385994207530666	0.644374251709913	0.476674738813737	0.611682160039906	0.434180840289336	0.776260688525282	0.57437111650907	0.697553599769684	0.523076518042705
