spectral_d	spectral_m	genie_d	genie_m	agnes_d	agnes_m	single_d	single_m	complete_d	complete_m	average_d	average_m	mcquitty_d	mcquitty_m	wardD_d	wardD_m	wardD2_d	wardD2_m	centroid_d	centroid_m	median_d	median_m
0.677633086932319	0.462174849248443	1	1	0.508596475874516	0.129193352351804	1	1	0.50422550543194	0.130128486486657	0.508596475874516	0.129193352351804	0.496963161088058	0.132361508171249	0.496503858122711	0.141695758759004	0.496503858122711	0.141695758759004	0.528010075348374	0.182460284738622	0.491055413489222	0.142996944339039
