spectral_d	spectral_m	genie_d	genie_m	agnes_d	agnes_m	single_d	single_m	complete_d	complete_m	average_d	average_m	mcquitty_d	mcquitty_m	wardD_d	wardD_m	wardD2_d	wardD2_m	centroid_d	centroid_m	median_d	median_m
0.673115959447861	0.633399313274486	0.940004324433271	0.938654515822145	0.944650702080128	0.943526692367395	0.448862452570547	0.315389079638147	0.919499622736701	0.917855629735215	0.944650702080128	0.943526692367395	0.853266387069355	0.849599272210285	0.948414844526591	0.947363821495965	0.938626888513427	0.937376282157567	0.853389283509695	0.843265365529763	0.661291056745695	0.641809954603713
