spectral_d	spectral_m	genie_d	genie_m	agnes_d	agnes_m	single_d	single_m	complete_d	complete_m	average_d	average_m	mcquitty_d	mcquitty_m	wardD_d	wardD_m	wardD2_d	wardD2_m	centroid_d	centroid_m	median_d	median_m
0.837578975668526	0.793661799674446	0.65733408302909	0.56554441952953	1	1	0.861180757949524	0.804206968396706	0.823731934819384	0.774420011803794	0.99488119732326	0.993467313934767	0.74958876543362	0.682501856877056	0.841396398836993	0.794400210319633	0.855898512018523	0.813313738284151	0.99488119732326	0.993467313934767	0.961281516568133	0.949326364020144
