spectral_d	spectral_m	genie_d	genie_m	agnes_d	agnes_m	single_d	single_m	complete_d	complete_m	average_d	average_m	mcquitty_d	mcquitty_m	wardD_d	wardD_m	wardD2_d	wardD2_m	centroid_d	centroid_m	median_d	median_m
1	1	1	1	0.646283698604904	0.0986262181864304	1	1	0.646803265047809	0.0835311928893039	0.646283698604904	0.0986262181864304	0.661122491393442	0.213206019358984	1	1	0.646283698604904	0.0986262181864304	0.687026326820542	0.00345482120298864	0.702300468841295	0.000125160337236546
