spectral_d	spectral_m	genie_d	genie_m	agnes_d	agnes_m	single_d	single_m	complete_d	complete_m	average_d	average_m	mcquitty_d	mcquitty_m	wardD_d	wardD_m	wardD2_d	wardD2_m	centroid_d	centroid_m	median_d	median_m
0.718782498941882	0.630688827896158	0.648596088418236	0.541257173663871	0.861578410378158	0.803025623308763	0.83042639958477	0.742480944868768	0.854734567583781	0.792878140468533	0.861578410378158	0.803025623308763	0.869676433450936	0.816971510641043	0.658833780141566	0.558361403346273	0.653519669812582	0.551802557271377	0.860784032995541	0.79912283559656	0.832732222798527	0.772920393221094
