spectral_d	spectral_m	genie_d	genie_m	agnes_d	agnes_m	single_d	single_m	complete_d	complete_m	average_d	average_m	mcquitty_d	mcquitty_m	wardD_d	wardD_m	wardD2_d	wardD2_m	centroid_d	centroid_m	median_d	median_m
0.780787515305061	0.621044001619557	0.763541981596539	0.593773465026281	0.765221672492173	0.557788863596003	0.690548271060658	0.148461400035991	0.66514537343186	0.337008100464938	0.765221672492173	0.557788863596003	0.752906888806957	0.532204414877533	0.765221672492173	0.557788863596003	0.737836438814028	0.506368964014143	0.690548271060658	0.148461400035991	0.749873224133996	0.53125189377871
