spectral_d	spectral_m	genie_d	genie_m	agnes_d	agnes_m	single_d	single_m	complete_d	complete_m	average_d	average_m	mcquitty_d	mcquitty_m	wardD_d	wardD_m	wardD2_d	wardD2_m	centroid_d	centroid_m	median_d	median_m
0.884683828134049	0.871694748757153	0.988793343809604	0.987993465874293	0.982824947904038	0.981599047547291	0.589337971282275	0.463522341495289	0.972992116429932	0.971062167115048	0.982824947904038	0.981599047547291	0.818649506658317	0.801684641060835	0.982449730466294	0.981196412056862	0.984446753533986	0.983335663870517	0.981843883190681	0.980547432716824	0.680256421087956	0.648208674035196
