spectral_d	spectral_m	genie_d	genie_m	agnes_d	agnes_m	single_d	single_m	complete_d	complete_m	average_d	average_m	mcquitty_d	mcquitty_m	wardD_d	wardD_m	wardD2_d	wardD2_m	centroid_d	centroid_m	median_d	median_m
0.652083657275824	0.165921693807116	1	1	0.650023905541056	0.151566735488702	1	1	0.652341946693618	0.167556787056539	0.650023905541056	0.151566735488702	0.662888166422337	0.220338784404269	0.51922013457098	0.00425885181585891	0.671324711360493	0.253452551720477	0.655252246033629	0.184348802679368	0.662448055511814	0.218463095892533
