spectral_d	spectral_m	genie_d	genie_m	agnes_d	agnes_m	single_d	single_m	complete_d	complete_m	average_d	average_m	mcquitty_d	mcquitty_m	wardD_d	wardD_m	wardD2_d	wardD2_m	centroid_d	centroid_m	median_d	median_m
0.532981230822052	0.211468086899198	0.611621824687607	0.394419784400761	0.511465047692704	0.213593840351075	0.539643668868458	0.121608994787084	0.45745197210723	0.180822463280268	0.511465047692704	0.213593840351075	0.473612076699601	0.200246931899682	0.466289353082857	0.201525590551181	0.463828842379762	0.183566504358037	0.516480390616326	0.0471332555046608	0.473612076699601	0.200246931899682
